Stress Test, degree of freedom is 54,
TNN,18,
NFIN,9,
NOR,21,
NOL,9,
NOS,9,
XCN,0,1,2,0,1,2,0,1,2,0,1,2,0,1,2,0,1,2,
YCN,0,0,0,1,1,1,2,2,2,0,0,0,1,1,1,2,2,2,
ZCN,0,0,0,0,0,0,0,0,0,1,1,1,1,1,1,1,1,1,
BNR,1,2,3,4,5,6,7,8,9,10,11,12,13,14,15,10,11,13,14,16,17,
ENR,10,11,12,13,14,15,16,17,18,13,14,15,16,17,18,11,12,14,15,17,18,
ELASTIC,214100000,256700000,243400000,260000000,226900000,282400000,257800000,245800000,306200000,256400000,280500000,224500000,238100000,292700000,306100000,259100000,309500000,304200000,292700000,253600000,249100000,
SHEAR,80769000,80769000,80769000,80769000,80769000,80769000,80769000,80769000,80769000,80769000,80769000,80769000,80769000,80769000,80769000,80769000,80769000,80769000,80769000,80769000,80769000,
AREA,0.007854,0.007854,0.007854,0.007854,0.007854,0.007854,0.007854,0.007854,0.007854,0.007854,0.007854,0.007854,0.007854,0.007854,0.007854,0.007854,0.007854,0.007854,0.007854,0.007854,0.007854,
IMY,4.4605e-06,4.3903e-06,4.0154e-06,4.0293e-06,4.2383e-06,4.7422e-06,4.8717e-06,4.9719e-06,4.9896e-06,4.5448e-06,4.1727e-06,4.4772e-06,4.1539e-06,4.187e-06,4.9913e-06,4.5668e-06,4.63e-06,4.7036e-06,4.9895e-06,4.8704e-06,4.3812e-06,
IMZ,4.1323e-06,4.0334e-06,4.7674e-06,4.4665e-06,4.5142e-06,4.7712e-06,4.8254e-06,4.6869e-06,4.5548e-06,4.7645e-06,4.2663e-06,4.2758e-06,4.0038e-06,4.286e-06,4.8724e-06,4.9742e-06,4.753e-06,4.0779e-06,4.2317e-06,4.3036e-06,4.2191e-06,
THETA,0,0,0,0,0,0,0,0,0,0,0,0,0,0,0,0,0,0,0,0,0,
NRL,1,2,3,4,5,6,7,8,9,
PLI,0,0,0,0,0,0,0,0,0,
KOL,3,3,3,3,3,3,3,3,3,
VOL,1842,1288,1106,1040,1942,1264,1648,1446,1805,
DLB,1,1,1,1,1,1,1,1,1,
NRS,1,2,3,4,5,6,7,8,9,
DSB,0.5,0.5,0.5,0.5,0.5,0.5,0.5,0.5,0.5,
END,